apache/kafka	Mirror of Apache Kafka	public	2023-09-14T17:20:09Z
apache/incubator-opendal	Apache OpenDAL: access data freely.	public	2023-09-14T17:19:39Z
apache/cassandra-accord	Accord Distributed Consensus Protocol for Apache Cassandra	public	2023-09-14T17:18:46Z
apache/beam	Apache Beam is a unified programming model for Batch and Streaming data processing.	public	2023-09-14T17:18:17Z
apache/activemq-artemis	Mirror of Apache ActiveMQ Artemis	public	2023-09-14T17:16:54Z
apache/tvm-site	repo for tvm	public	2023-09-14T17:15:23Z
apache/iceberg	Apache Iceberg	public	2023-09-14T17:15:16Z
apache/hadoop	Apache Hadoop	public	2023-09-14T17:13:38Z
apache/spark	Apache Spark - A unified analytics engine for large-scale data processing	public	2023-09-14T17:13:22Z
apache/trafficcontrol	Apache Traffic Control is an Open Source implementation of a Content Delivery Network	public	2023-09-14T17:13:16Z
apache/arrow	Apache Arrow is a multi-language toolbox for accelerated data interchange and in-memory processing	public	2023-09-14T17:12:58Z
apache/trafficserver	Apache Traffic Server™ is a fast, scalable and extensible HTTP/1.1 and HTTP/2 compliant caching proxy server.	public	2023-09-14T17:12:20Z
apache/incubator-pegasus	Apache Pegasus - A horizontally scalable, strongly consistent and high-performance key-value store	public	2023-09-14T17:11:59Z
apache/nuttx	Apache NuttX is a mature, real-time embedded operating system (RTOS)	public	2023-09-14T17:10:04Z
apache/ozone	Scalable, redundant, and distributed object store for Apache Hadoop	public	2023-09-14T17:09:57Z
apache/superset	Apache Superset is a Data Visualization and Data Exploration Platform	public	2023-09-14T17:08:45Z
apache/incubator-streampark	StreamPark, Make stream processing easier! easy-to-use streaming application development framework and operation platform	public	2023-09-14T17:08:22Z
apache/cassandra-sidecar	Sidecar for Apache Cassandra	public	2023-09-14T17:08:20Z
apache/maven-resolver	Apache Maven Artifact Resolver	public	2023-09-14T17:07:02Z
apache/brooklyn-server	Apache Brooklyn Server	public	2023-09-14T17:06:33Z
apache/arrow-rs	Official Rust implementation of Apache Arrow	public	2023-09-14T17:06:28Z
apache/camel-karavan	Karavan an Integration Toolkit for Apache Camel	public	2023-09-14T17:05:24Z
apache/flink	Apache Flink	public	2023-09-14T17:03:59Z
apache/lucene	Apache Lucene open-source search software	public	2023-09-14T17:02:51Z
apache/hive	Apache Hive	public	2023-09-14T17:02:35Z
apache/phoenix	Mirror of Apache Phoenix	public	2023-09-14T17:01:22Z
apache/phoenix-queryserver	Apache Phoenix Query Server	public	2023-09-14T17:01:16Z
apache/kudu	Mirror of Apache Kudu	public	2023-09-14T17:00:55Z
apache/nifi-minifi-cpp	Mirror of Apache Nifi Minifi CPP	public	2023-09-14T17:00:47Z
apache/couchdb	Seamless multi-master syncing database with an intuitive HTTP/JSON API, designed for reliability	public	2023-09-14T17:00:33Z
apache/tika	The Apache Tika toolkit detects and extracts metadata and text from over a thousand different file types (such as PPT, XLS, and PDF).	public	2023-09-14T16:59:34Z
apache/nifi	Apache NiFi	public	2023-09-14T16:59:12Z
apache/airflow	Apache Airflow - A platform to programmatically author, schedule, and monitor workflows	public	2023-09-14T16:58:06Z
apache/cloudstack	Apache CloudStack is an opensource Infrastructure as a Service (IaaS) cloud computing platform	public	2023-09-14T16:57:45Z
apache/calcite	Apache Calcite	public	2023-09-14T16:56:05Z
apache/ambari	Apache Ambari simplifies provisioning, managing, and monitoring of Apache Hadoop clusters.	public	2023-09-14T16:56:02Z
apache/hudi	Upserts, Deletes And Incremental Processing on Big Data.	public	2023-09-14T16:55:07Z
apache/camel	Apache Camel is an open source integration framework that empowers you to quickly and easily integrate various systems consuming or producing data.	public	2023-09-14T16:51:46Z
apache/streampipes	Apache StreamPipes - A self-service (Industrial) IoT toolbox to enable non-technical users to connect, analyze and explore IoT data streams.	public	2023-09-14T16:51:29Z
apache/sedona	A cluster computing framework for processing large-scale geospatial data	public	2023-09-14T16:50:35Z
apache/shenyu	Apache ShenYu is a Java native API Gateway for service proxy, protocol conversion and API governance.	public	2023-09-14T16:49:01Z
apache/gobblin	A distributed data integration framework that simplifies common aspects of big data integration such as data ingestion, replication, organization and lifecycle management for both streaming and batch data ecosystems.	public	2023-09-14T16:48:26Z
apache/druid	Apache Druid: a high performance real-time analytics database.	public	2023-09-14T16:41:12Z
apache/accumulo	Apache Accumulo	public	2023-09-14T16:37:15Z
apache/arrow-datafusion	Apache Arrow DataFusion SQL Query Engine	public	2023-09-14T16:28:22Z
apache/solr	Apache Solr open-source search software	public	2023-09-14T16:27:32Z
apache/iceberg-go	Apache Iceberg - Go	public	2023-09-14T16:26:22Z
apache/www-site	The ASF Website	public	2023-09-14T16:23:13Z
apache/infrastructure-website	ASF Infrastructure Team Website Repository	public	2023-09-14T16:22:26Z
apache/apisix-ingress-controller	APISIX Ingress Controller for Kubernetes	public	2023-09-14T16:21:27Z
apache/tvm	Open deep learning compiler stack for cpu, gpu and specialized accelerators	public	2023-09-14T16:20:25Z
apache/cassandra	Mirror of Apache Cassandra	public	2023-09-14T16:19:54Z
apache/doris	Apache Doris is an easy-to-use, high performance and unified analytics database.	public	2023-09-14T16:17:18Z
apache/hbase	Apache HBase	public	2023-09-14T16:16:31Z
apache/cassandra-analytics	Apache cassandra	public	2023-09-14T16:14:48Z
apache/iotdb	Apache IoTDB	public	2023-09-14T16:14:09Z
apache/ignite	Apache Ignite	public	2023-09-14T16:12:40Z
apache/flink-connector-kafka	Apache flink	public	2023-09-14T16:07:16Z
apache/tomcat	Apache Tomcat	public	2023-09-14T16:05:52Z
apache/incubator-paimon	Apache Paimon(incubating) is a streaming data lake platform that supports high-speed data ingestion, change data tracking and efficient real-time analytics.	public	2023-09-14T16:04:43Z
apache/arrow-adbc	Database connectivity API standard and libraries for Apache Arrow	public	2023-09-14T16:03:25Z
apache/dubbo-go	Go Implementation For Apache Dubbo .	public	2023-09-14T16:00:50Z
apache/skywalking-banyandb	An observability database aims to ingest, analyze and store Metrics, Tracing and Logging data.	public	2023-09-14T15:58:32Z
apache/commons-vfs	Apache Commons VFS	public	2023-09-14T15:56:53Z
apache/camel-spring-boot	Apache Camel Spring Boot support	public	2023-09-14T15:49:35Z
apache/poi	Mirror of Apache POI	public	2023-09-14T15:49:14Z
apache/servicecomb-java-chassis	ServiceComb Java Chassis is a Software Development Kit (SDK) for rapid development of microservices in Java, providing service registration, service discovery, dynamic routing, and service management features	public	2023-09-14T15:48:33Z
apache/tez	Apache Tez	public	2023-09-14T15:43:20Z
apache/jackrabbit-oak	Apache Jackrabbit Oak	public	2023-09-14T15:40:57Z
apache/causeway	Apache Causeway™ software is a framework for rapidly developing domain-driven apps in Java. Write your business logic in entities, domain services or view models, and the framework dynamically generates a representation of that domain model as a webapp or as a RESTful API. For prototyping or production.	public	2023-09-14T15:37:54Z
apache/calcite-avatica	Apache Calcite Avatica	public	2023-09-14T15:30:02Z
apache/arrow-cookbook	Apache Arrow Cookbook	public	2023-09-14T15:29:00Z
apache/fineract	Apache Fineract	public	2023-09-14T15:28:46Z
apache/rocketmq-clients	RocketMQ Clients - Collection of Client Bindings for Apache RocketMQ	public	2023-09-14T15:27:25Z
apache/camel-k	Apache Camel K is a lightweight integration platform, born on Kubernetes, with serverless superpowers	public	2023-09-14T15:25:20Z
apache/maven-integration-testing	Apache Maven core ITs	public	2023-09-14T15:21:28Z
apache/seatunnel	SeaTunnel is a next-generation super high-performance, distributed, massive data integration tool.	public	2023-09-14T15:21:04Z
apache/ignite-3	Apache Ignite 3	public	2023-09-14T15:18:45Z
apache/daffodil-vscode	Apache Daffodil™ Extension for Visual Studio Code	public	2023-09-14T15:14:35Z
apache/logging-parent	Parent project internally used in Maven-based projects of the Apache Logging Services	public	2023-09-14T15:12:45Z
apache/syncope	Apache Syncope	public	2023-09-14T15:12:34Z
apache/incubator-devlake	Apache DevLake is an open-source dev data platform to ingest, analyze, and visualize the fragmented data from DevOps tools, extracting insights for engineering excellence, developer experience, and community growth.	public	2023-09-14T15:12:27Z
apache/yunikorn-k8shim	Apache YuniKorn K8shim	public	2023-09-14T15:10:31Z
apache/yunikorn-core	Apache YuniKorn Core	public	2023-09-14T15:05:24Z
apache/yunikorn-scheduler-interface	Apache YuniKorn Scheduler Interface	public	2023-09-14T15:02:42Z
apache/pinot	Apache Pinot - A realtime distributed OLAP datastore	public	2023-09-14T15:01:40Z
apache/cordova-plugin-geolocation	Apache Cordova Plugin geolocation	public	2023-09-14T14:56:46Z
apache/opennlp	Apache OpenNLP	public	2023-09-14T14:47:42Z
apache/spark-connect-go	Apache Spark Connect Client for Golang	public	2023-09-14T14:47:36Z
apache/shardingsphere	Distributed SQL transaction & query engine for data sharding, scaling, encryption, and more - on any database.	public	2023-09-14T14:45:41Z
apache/httpcomponents-core	Mirror of Apache HttpCore	public	2023-09-14T14:44:22Z
apache/hbase-site	Apache HBase Site	public	2023-09-14T14:43:35Z
apache/logging-log4j-kotlin	Apache Log4j API for Kotlin contains Kotlin-specific enhancements to the Log4j 2 API. This includes support for mixin interfaces and coroutine contexts.	public	2023-09-14T14:37:27Z
apache/logging-log4j-jmx-gui	Swing-based client for remotely editing the Log4j configuration and remotely monitoring `StatusLogger` output	public	2023-09-14T14:27:28Z
apache/nutch	Apache Nutch is an extensible and scalable web crawler	public	2023-09-14T14:25:20Z
apache/systemds	An open source ML system for the end-to-end data science lifecycle	public	2023-09-14T14:23:11Z
apache/shardingsphere-doc	Sharding-Sphere website & documents	public	2023-09-14T14:22:26Z
apache/inlong	Apache InLong - a one-stop, full-scenario integration framework for massive data	public	2023-09-14T14:21:39Z
apache/skywalking-banyandb-java-client	The client implementation for SkyWalking BanyanDB in Java	public	2023-09-14T14:19:31Z
apache/spamassassin	Read-only mirror of Apache SpamAssassin. Submit patches to https://bz.apache.org/SpamAssassin/. Do not send pull requests	public	2023-09-14T14:14:47Z
apache/httpcomponents-client	Mirror of Apache HttpClient	public	2023-09-14T14:13:38Z
apache/aries-rsa	Apache Aries Remote Services Admin	public	2023-09-14T14:08:49Z
apache/kyuubi	Apache Kyuubi is a distributed and multi-tenant gateway to provide serverless SQL on data warehouses and lakehouses.	public	2023-09-14T14:06:47Z
apache/james-project	Emails at the heart of your business logic!	public	2023-09-14T14:05:57Z
apache/zeppelin	Web-based notebook that enables data-driven, interactive data analytics and collaborative documents with SQL, Scala and more.	public	2023-09-14T14:02:27Z
apache/shenyu-website	Apache ShenYu website.	public	2023-09-14T13:57:25Z
apache/echarts	Apache ECharts is a powerful, interactive charting and data visualization library for browser	public	2023-09-14T13:52:00Z
apache/age-website	AGE Project	public	2023-09-14T13:48:15Z
apache/dubbo	The java implementation of Apache Dubbo. An RPC and microservice framework.	public	2023-09-14T13:43:40Z
apache/axis-axis2-java-core	Apache Axis2-Java Core	public	2023-09-14T13:39:21Z
apache/camel-quarkus	Apache Camel Quarkus support	public	2023-09-14T13:38:52Z
apache/logging-log4j2	Apache Log4j 2 is a versatile, feature-rich, efficient logging API and backend for Java.	public	2023-09-14T13:38:00Z
apache/comdev-projects	Mirror of SVN Apache Comdev - Projects	public	2023-09-14T13:33:33Z
apache/linkis	Apache Linkis builds a computation middleware layer to facilitate connection, governance and orchestration between the upper applications and the underlying data engines.	public	2023-09-14T13:30:28Z
apache/flink-kubernetes-operator	Apache Flink Kubernetes Operator	public	2023-09-14T13:29:59Z
apache/incubator-hugegraph-toolchain	HugeGraph toolchain - include a series useful graph modules	public	2023-09-14T13:28:36Z
apache/pulsar	Apache Pulsar - distributed pub-sub messaging system	public	2023-09-14T13:28:35Z
apache/spark-docker	Official Dockerfile for Apache Spark	public	2023-09-14T13:22:42Z
apache/cxf	Apache CXF	public	2023-09-14T13:16:26Z
apache/logging-log4j-samples	Use case examples of the Apache Log4j project	public	2023-09-14T13:11:38Z
apache/camel-examples	Apache Camel Examples	public	2023-09-14T13:10:39Z
apache/hop	Hop Orchestration Platform	public	2023-09-14T12:55:29Z
apache/doris-spark-connector	Spark Connector for Apache Doris	public	2023-09-14T12:51:59Z
apache/cxf-fediz	Mirror of Apache CXF	public	2023-09-14T12:47:16Z
apache/mina	Mirror of Apache MINA	public	2023-09-14T12:44:35Z
apache/ozone-site	Website for Apache Ozone	public	2023-09-14T12:42:45Z
apache/flink-connector-elasticsearch	Apache Flink connector for ElasticSearch	public	2023-09-14T12:41:14Z
apache/ratis	Open source Java implementation for Raft consensus protocol.	public	2023-09-14T12:39:58Z
apache/superset-site	Apache superset (Incubating) website	public	2023-09-14T12:36:54Z
apache/maven	Apache Maven core	public	2023-09-14T12:33:34Z
apache/dolphinscheduler	Apache DolphinScheduler is the modern data orchestration platform. Agile to create high performance workflow with low-code	public	2023-09-14T12:33:32Z
apache/incubator-celeborn	Apache Celeborn is an elastic and high-performance service for shuffle and spilled data.	public	2023-09-14T12:31:00Z
apache/avro	Apache Avro is a data serialization system.	public	2023-09-14T12:27:37Z
apache/dubbo-awesome	Collections of Apache dubbo relevant informations	public	2023-09-14T12:21:38Z
apache/zookeeper	Apache ZooKeeper	public	2023-09-14T12:19:34Z
apache/mynewt-nimble	Apache mynewt	public	2023-09-14T12:14:18Z
apache/commons-dbutils	Apache Commons DbUtils	public	2023-09-14T12:07:52Z
apache/linkis-website	Apache Linkis documents	public	2023-09-14T12:07:08Z
apache/camel-performance-tests	Apache Camel Performances Tests Repository	public	2023-09-14T12:02:48Z
apache/tapestry-5	Mirror of Apache Tapestry 5	public	2023-09-14T11:59:29Z
apache/directory-kerby	Mirror of Apache Directory Kerby	public	2023-09-14T11:58:15Z
apache/eventmesh	EventMesh is a new generation serverless event middleware for building distributed event-driven applications.	public	2023-09-14T11:38:36Z
apache/incubator-celeborn-website	Apache Celeborn Site	public	2023-09-14T11:37:14Z
apache/myfaces-tobago	Apache MyFaces Tobago	public	2023-09-14T11:34:42Z
apache/cloudstack-documentation	Apache CloudStack Documentation	public	2023-09-14T11:31:11Z
apache/cloudstack-www	Apache CloudStack Website	public	2023-09-14T11:13:32Z
apache/rocketmq	Apache RocketMQ is a cloud native messaging and streaming platform, making it simple to build event-driven applications.	public	2023-09-14T11:11:08Z
apache/inlong-website	Apache InLong - a one-stop, full-scenario integration framework for massive data	public	2023-09-14T11:03:23Z
apache/logging-log4cxx	Apache Log4cxx is a C++ port of Apache Log4j	public	2023-09-14T10:55:40Z
apache/incubator-paimon-trino	Apache Paimon(incubating) is a streaming data lake platform that supports high-speed data ingestion, change data tracking and efficient real-time analytics.	public	2023-09-14T10:52:53Z
apache/incubator-pekko-persistence-cassandra	A replicated Apache Pekko Persistence journal backed by Apache Cassandra	public	2023-09-14T10:12:47Z
apache/skywalking-website	Apache SkyWalking Website	public	2023-09-14T10:05:28Z
apache/groovy	Apache Groovy: A powerful multi-faceted programming language for the JVM platform	public	2023-09-14T09:58:48Z
apache/groovy-dev-site	Apache Groovy developer documentation and project site	public	2023-09-14T09:56:13Z
apache/brpc	brpc is an Industrial-grade RPC framework using C++ Language, which is often used in high performance system such as Search, Storage, Machine learning, Advertisement, Recommendation etc. "brpc" means "better RPC".	public	2023-09-14T09:55:58Z
apache/skywalking-java	The Java agent for Apache SkyWalking	public	2023-09-14T09:45:10Z
apache/groovy-website	Apache Groovy content to generate sites	public	2023-09-14T09:42:18Z
apache/incubator-uniffle	Uniffle is a high performance, general purpose Remote Shuffle Service.	public	2023-09-14T09:37:42Z
apache/cassandra-website	Apache cassandra	public	2023-09-14T09:32:57Z
apache/skywalking-infra-e2e	Apache SkyWalking Infra E2E	public	2023-09-14T09:24:04Z
apache/mynewt-core	An OS to build, deploy and securely manage billions of devices	public	2023-09-14T09:21:45Z
apache/skywalking	APM, Application Performance Monitoring System	public	2023-09-14T09:20:33Z
apache/incubator-streampark-website	Apache streampark Website	public	2023-09-14T09:11:31Z
apache/incubator-paimon-shade	Apache Paimon(incubating) is a streaming data lake platform that supports high-speed data ingestion, change data tracking and efficient real-time analytics.	public	2023-09-14T09:11:09Z
apache/doris-flink-connector	Flink Connector for Apache Doris	public	2023-09-14T09:11:04Z
apache/dubbo-website	Apache Dubbo documents	public	2023-09-14T09:02:44Z
apache/netbeans	Apache NetBeans	public	2023-09-14T08:54:26Z
apache/airflow-site	Apache Airflow Website	public	2023-09-14T08:54:12Z
apache/logging-log4j-scala	Mirror of Apache Log4j Scala support	public	2023-09-14T08:46:19Z
apache/yunikorn-site	Apache Yunikorn website - see the master branch for instructions	public	2023-09-14T08:46:11Z
apache/incubator-pekko-management	Apache Pekko Management is a suite of tools for operating Pekko Clusters.	public	2023-09-14T08:34:17Z
apache/incubator-pekko-projection	Apache Pekko Projections is intended for building systems with the CQRS pattern, and facilitate in event-based service-to-service communication.	public	2023-09-14T08:34:00Z
apache/incubator-pekko-persistence-dynamodb	DynamoDBJournal for Apache Pekko Persistence	public	2023-09-14T08:33:47Z
apache/incubator-pekko-persistence-r2dbc	Asynchronously writes journal and snapshot entries to configured R2DBC databases so that Apache Pekko Actors can recover state	public	2023-09-14T08:33:17Z
apache/incubator-pekko-persistence-jdbc	Asynchronously writes journal and snapshot entries to configured JDBC databases so that Apache Pekko Actors can recover state	public	2023-09-14T08:32:56Z
apache/incubator-pekko-grpc	Apache Pekko gRPC	public	2023-09-14T08:32:08Z
apache/incubator-pekko-connectors	Apache Pekko Connectors is a Reactive Enterprise Integration library for Java and Scala, based on Reactive Streams and Apache Pekko.	public	2023-09-14T08:31:34Z
apache/incubator-pekko-http	The Streaming-first HTTP server/module of Apache Pekko	public	2023-09-14T08:31:03Z
apache/ignite-extensions	Apache Ignite Extensions	public	2023-09-14T08:22:08Z
apache/bigtop	Bigtop is an Apache Foundation project for Infrastructure Engineers and Data Scientists looking for comprehensive packaging, testing, and configuration of the leading open source big data components.	public	2023-09-14T08:13:12Z
apache/incubator-hugegraph-doc	HugeGraph Website and Doc	public	2023-09-14T08:08:59Z
apache/security-site	Website sources for the Apache Security website	public	2023-09-14T08:02:15Z
apache/spark-website	Apache Spark Website	public	2023-09-14T07:58:56Z
apache/singa	a distributed deep learning platform	public	2023-09-14T07:58:35Z
apache/incubator-hugegraph	A graph database that supports more than 100+ billion data, high performance and scalability (Include OLTP Engine & REST-API & Backends)	public	2023-09-14T07:57:29Z
apache/nuttx-apps	Apache NuttX Apps is a collection of tools, shells, network utilities, libraries, interpreters and can be used with the NuttX RTOS	public	2023-09-14T07:55:01Z
apache/ofbiz-tools	Apache ofbiz tools	public	2023-09-14T07:36:15Z
apache/helix	Mirror of Apache Helix	public	2023-09-14T07:34:37Z
apache/incubator-pekko-connectors-kafka	Apache Pekko Kafka Connector - Pekko-Connectors is a Reactive Enterprise Integration library for Java and Scala, based on Reactive Streams and Apache Pekko.	public	2023-09-14T07:31:14Z
apache/incubator-pekko	Build highly concurrent, distributed, and resilient message-driven applications using Java/Scala	public	2023-09-14T07:20:07Z
apache/apisix	The Cloud-Native API Gateway	public	2023-09-14T07:15:58Z
apache/arrow-flight-sql-postgresql	Apache Arrow Flight SQL adapter for PostgreSQL	public	2023-09-14T06:58:18Z
apache/parquet-mr	Apache Parquet	public	2023-09-14T06:54:14Z
apache/myfaces-build-tools	Apache MyFaces build tools	public	2023-09-14T06:48:18Z
apache/skywalking-helm	Apache SkyWalking Kubernetes Deployment Helm Chart	public	2023-09-14T06:41:21Z
apache/atlas	Apache Atlas	public	2023-09-14T06:33:48Z
apache/cordova-apache-board-reports	Apache Cordova PMC / Chair Drafts	public	2023-09-14T06:10:57Z
apache/shardingsphere-elasticjob	Distributed scheduled job framework	public	2023-09-14T06:05:46Z
apache/apisix-website	Apache APISIX Website	public	2023-09-14T05:25:38Z
apache/incubator-livy	Apache Livy is an open source REST interface for interacting with Apache Spark from anywhere.	public	2023-09-14T05:24:17Z
apache/seatunnel-website	Apache SeaTunnel documents	public	2023-09-14T05:19:10Z
apache/qpid-proton	Mirror of Apache Qpid Proton	public	2023-09-14T05:14:25Z
apache/dolphinscheduler-website	Apache DolphinScheduler website	public	2023-09-14T05:08:52Z
apache/iceberg-rust	Apache Iceberg	public	2023-09-14T04:55:23Z
apache/parquet-format	Apache Parquet	public	2023-09-14T04:51:07Z
apache/dubbo-kubernetes	The Dubbo Kubernetes integration.	public	2023-09-14T04:25:10Z
apache/camel-spring-boot-examples	Apache Camel Spring Boot Examples	public	2023-09-14T04:14:28Z
apache/ws-axiom	Apache Axiom	public	2023-09-14T03:46:57Z
apache/pulsar-client-cpp	Apache Pulsar C++ client library	public	2023-09-14T03:37:20Z
apache/kvrocks-website	Apache Kvrocks Website	public	2023-09-14T03:12:06Z
apache/incubator-teaclave-sgx-sdk	Apache Teaclave (incubating) SGX SDK helps developers to write Intel SGX applications in the Rust programming language, and also known as Rust SGX SDK.	public	2023-09-14T03:10:33Z
apache/pulsar-site	Apache Pulsar Site	public	2023-09-14T02:58:48Z
apache/kvrocks	Kvrocks is a distributed key value NoSQL database that uses RocksDB as storage engine and is compatible with Redis protocol.	public	2023-09-14T02:48:36Z
apache/seatunnel-web	SeaTunnel is a distributed, high-performance data integration platform for the synchronization and transformation of massive data (offline & real-time).	public	2023-09-14T02:39:01Z
apache/iotdb-website	Apache iotdb	public	2023-09-14T02:37:56Z
apache/iotdb-docs	Apache IoTDB Documentation and Site	public	2023-09-14T02:28:43Z
apache/rocketmq-client-go	Apache RocketMQ go client	public	2023-09-14T02:23:46Z
apache/doris-website	Apache Doris Website	public	2023-09-14T01:43:28Z
apache/tomee-site-pub	Apache TomEE published website	public	2023-09-14T00:43:29Z
apache/incubator-paimon-website	Apache Paimon Website	public	2023-09-14T00:32:53Z
apache/nuttx-website	Apache NuttX Website	public	2023-09-14T00:21:50Z
apache/arrow-site	Mirror of Apache Arrow site	public	2023-09-14T00:21:41Z
apache/cordova-docs	Apache Cordova Documentation	public	2023-09-14T00:08:49Z
apache/cordova-cli	Apache Cordova CLI	public	2023-09-13T23:54:22Z
apache/maven-site	Apache Maven site	public	2023-09-13T23:51:05Z
apache/cordova-plugin-splashscreen	Apache Cordova Plugin splashscreen	public	2023-09-13T22:51:05Z
apache/commons-configuration	Apache Commons Configuration	public	2023-09-13T22:39:28Z
apache/commons-validator	Apache Commons Validator	public	2023-09-13T22:31:04Z
apache/commons-text	Apache Commons Text	public	2023-09-13T22:26:42Z
apache/commons-fileupload	Apache Commons FileUpload is a robust, high-performance, file upload capability to your servlets and web applications	public	2023-09-13T22:24:39Z
apache/commons-dbcp	Apache Commons DBCP	public	2023-09-13T22:16:28Z
apache/commons-codec	Apache Commons Codec	public	2023-09-13T22:10:54Z
apache/commons-collections	Apache Commons Collections	public	2023-09-13T22:10:44Z
apache/libcloud	Apache Libcloud is a Python library which hides differences between different cloud provider APIs and allows you to manage different cloud resources through a unified and easy to use API.	public	2023-09-13T21:56:27Z
apache/incubator-sdap-nexus	Mirror of Apache sdap (Incubating)	public	2023-09-13T21:48:29Z
apache/commons-beanutils	Apache Commons Beanutils	public	2023-09-13T21:36:39Z
apache/commons-compress	Apache Commons Compress	public	2023-09-13T21:31:54Z
apache/maven-remote-resources-plugin	Apache Maven Remote Resources Plugin	public	2023-09-13T21:29:27Z
apache/olingo-odata2	Mirror of Apache Olingo	public	2023-09-13T20:05:46Z
apache/knox	Mirror of Apache Knox	public	2023-09-13T19:50:45Z
apache/maven-dependency-plugin	Apache Maven Dependency Plugin	public	2023-09-13T19:21:07Z
apache/arrow-testing	Auxiliary testing files for Apache Arrow	public	2023-09-13T19:18:26Z
apache/incubator-kie-optaplanner	AI constraint solver in Java to optimize the vehicle routing problem, employee rostering, task assignment, maintenance scheduling, conference scheduling and other planning problems.	public	2023-09-13T19:07:04Z
apache/incubator-pekko-samples	Apache Pekko Sample Projects	public	2023-09-13T18:31:54Z
apache/buildstream	BuildStream, the software integration tool	public	2023-09-13T18:31:54Z
apache/yunikorn-web	Apache YuniKorn Web UI	public	2023-09-13T18:17:40Z
apache/struts-site	Mirror of Apache Struts site	public	2023-09-13T17:59:35Z
apache/ranger	Apache Ranger - To enable, monitor and manage comprehensive data security across the Hadoop platform and beyond	public	2023-09-13T17:48:39Z
apache/storm	Apache Storm	public	2023-09-13T17:44:10Z
apache/tinkerpop	Apache TinkerPop - a graph computing framework	public	2023-09-13T17:12:00Z
apache/ant	Apache Ant is a Java-based build tool.	public	2023-09-13T17:00:52Z
apache/royale-compiler	Apache Royale Compiler	public	2023-09-13T16:45:40Z
apache/openmeetings	Mirror of Apache Openmeetings	public	2023-09-13T15:52:05Z
apache/xalan-java	Apache Xalan-Java	public	2023-09-13T15:35:13Z
apache/daffodil	Apache Daffodil	public	2023-09-13T15:27:39Z
apache/jackrabbit-filevault	Apache Jackrabbit FileVault	public	2023-09-13T15:15:19Z
apache/orc	Apache ORC - the smallest, fastest columnar storage for Hadoop workloads	public	2023-09-13T15:13:25Z
apache/curator	Apache Curator	public	2023-09-13T14:50:12Z
apache/maven-resolver-ant-tasks	Apache Maven Artifact Resolver Ant Tasks	public	2023-09-13T14:48:23Z
apache/arrow-datafusion-python	Apache Arrow DataFusion Python Bindings	public	2023-09-13T14:29:45Z
apache/logging-log4j-transform	Tools for binary post-processing of projects using Apache Log4j.	public	2023-09-13T13:59:51Z
apache/logging-log4j-tools	Tools internally used by the Apache Log4j project	public	2023-09-13T13:59:19Z
apache/sling-org-apache-sling-resourceresolver	Apache Sling Resource Resolver	public	2023-09-13T13:56:39Z
apache/commons-net	Apache Commons Net	public	2023-09-13T13:50:43Z
apache/apisix-helm-chart	Apache APISIX Helm Chart	public	2023-09-13T13:42:45Z
apache/incubator-baremaps	Create custom vector tiles from OpenStreetMap and other data sources with Postgis and Java.	public	2023-09-13T13:27:24Z
apache/incubator-nlpcraft	Apache NLPCraft - API to convert natural language into actions.	public	2023-09-13T13:27:10Z
apache/incubator-paimon-webui	Apache Paimon(incubating) is a streaming data lake platform that supports high-speed data ingestion, change data tracking and efficient real-time analytics.	public	2023-09-13T13:25:03Z
apache/apachecon-eu	Community Over Code EU - EU edition of the flagship ASF conference	public	2023-09-13T13:24:19Z
apache/druid-website-src	Apache druid	public	2023-09-13T13:23:59Z
apache/commons-csv	Apache Commons CSV	public	2023-09-13T13:01:29Z
apache/pulsar-dotpulsar	The official .NET client library for Apache Pulsar	public	2023-09-13T13:00:12Z
apache/flink-ml	Machine learning library of Apache Flink	public	2023-09-13T12:30:02Z
apache/incubator-wayang	Apache Wayang(incubating) is the first cross-platform data processing system.	public	2023-09-13T12:25:58Z
apache/cordova-plugin-media	Apache Cordova Plugin media	public	2023-09-13T12:23:56Z
apache/cordova-plugin-file-transfer	Apache Cordova Plugin file-transfer	public	2023-09-13T12:05:50Z
apache/pulsar-client-go	Apache Pulsar Go Client Library	public	2023-09-13T11:58:42Z
apache/xmlgraphics-fop-pdf-images	Apache XML Graphics FOP PDF Images	public	2023-09-13T11:52:00Z
apache/sling-org-apache-sling-starter	Apache Sling Starter Application	public	2023-09-13T11:46:13Z
apache/xmlgraphics-fop	Apache XML Graphics FOP	public	2023-09-13T11:45:19Z
apache/xmlgraphics-batik	Apache XML Graphics Batik	public	2023-09-13T11:45:16Z
apache/aries-typedevent	Apache aries	public	2023-09-13T11:38:21Z
apache/kudu-site	Apache Kudu Site	public	2023-09-13T11:31:19Z
apache/pulsar-client-python	Apache Pulsar Python client library	public	2023-09-13T11:24:12Z
apache/shenyu-dashboard	Apache ShenYu Dashboard	public	2023-09-13T11:23:16Z
apache/commons-lang	Apache Commons Lang	public	2023-09-13T10:07:13Z
apache/camel-k-runtime	Apache Camel K runtime	public	2023-09-13T09:09:00Z
apache/plc4x	PLC4X The Industrial IoT adapter	public	2023-09-13T07:46:43Z
apache/skywalking-satellite	The Sidecar Project of Apache SkyWalking	public	2023-09-13T07:46:15Z
apache/cassandra-dtest	Mirror of Distributed test suite for Apache Cassandra	public	2023-09-13T06:32:46Z
apache/gobblin-site	Apache Gobblin (Incubating)	public	2023-09-13T04:47:14Z
apache/flink-connector-mongodb	Apache flink	public	2023-09-13T04:45:53Z
apache/asterixdb	Mirror of Apache AsterixDB	public	2023-09-13T03:44:30Z
apache/camel-kafka-connector	Camel Kafka Connector allows you to use all Camel components as Kafka Connect connectors	public	2023-09-13T03:05:14Z
apache/bookkeeper	Apache BookKeeper - a scalable, fault tolerant and low latency storage service optimized for append-only workloads	public	2023-09-13T02:07:58Z
apache/mnemonic	Apache Mnemonic - A non-volatile hybrid memory storage oriented library	public	2023-09-13T01:25:19Z
apache/struts	Mirror of Apache Struts	public	2023-09-13T00:49:55Z
apache/guacamole-server	Mirror of Apache Guacamole Server	public	2023-09-13T00:17:07Z
apache/commons-imaging	Apache Commons Imaging (previously Sanselan) is a pure-Java image library	public	2023-09-12T23:37:58Z
apache/impala	Apache Impala	public	2023-09-12T23:35:57Z
